2013-02-08,57.16,58.255,57.12,57.74,4554801
2013-02-11,57.56,57.71,57.05,57.12,4166702
2013-02-12,57.2,57.38,56.93,57.01,4448507
2013-02-13,57.01,57.37,56.75,57.23,4261103
2013-02-14,57.01,57.215,56.75,57.05,5173937
2013-02-15,57.06,57.495,57.04,57.32,5751137
2013-02-19,54.2,56.88,54.04,56.66,14567931
2013-02-20,56.51,56.58,55.19,55.21,7545139
2013-02-21,55.57,55.94,54.88,55.24,6357223
2013-02-22,55.4,55.41,54.25,54.47,8405327
2013-02-25,54.69,54.75,53.29,53.3,6811904
2013-02-26,53.51,53.595,52.51,53.05,6325376
2013-02-27,52.96,54.01,52.93,53.87,5134393
2013-02-28,53.82,53.96,53.39,53.45,5872088
2013-03-01,53.34,53.795,52.88,53.52,6973518
2013-03-04,53.31,53.5,53.13,53.32,4782998
2013-03-05,53.43,53.84,53.18,53.5,4909882
2013-03-06,53.56,53.94,53.35,53.61,5563059
2013-03-07,53.76,54.18,53.685,53.8,4456669
2013-03-08,53.97,54.25,53.52,53.81,4586954
2013-03-11,53.83,54.64,53.75,54.21,4009454
2013-03-12,54.17,55.0,54.08,54.83,5466383
2013-03-13,54.68,54.88,54.35,54.48,4346311
2013-03-14,54.58,54.81,54.06,54.73,5067591
2013-03-15,54.63,54.9,54.42,54.73,7888596
2013-03-18,54.3,55.47,54.28,55.0,5974187
2013-03-19,55.0,55.4,54.92,55.17,5470826
2013-03-20,55.47,55.53,54.81,54.88,4525969
2013-03-21,54.69,55.35,54.634,55.06,4926516
2013-03-22,55.14,55.3,54.23,54.46,5404821
2013-03-25,54.65,55.115,54.44,54.86,5142459
2013-03-26,55.14,55.78,55.09,55.65,6059477
2013-03-27,55.55,57.03,55.44,56.62,8525946
2013-03-28,56.66,57.31,56.49,57.21,5680671
2013-04-01,57.16,59.36,57.0101,58.97,9005266
2013-04-02,61.63,63.95,61.5,61.74,22658055
2013-04-03,62.41,62.75,61.62,61.67,10140477
2013-04-04,61.75,62.5,61.49,62.03,7649987
2013-04-05,61.92,62.56,61.65,62.1,6838650
2013-04-08,62.07,62.37,61.295,61.89,4545510
2013-04-09,62.09,62.57,61.95,62.18,4408291
2013-04-10,62.32,62.6,62.0923,62.41,4400519
2013-04-11,62.39,63.0,62.33,62.98,4739163
2013-04-12,62.83,63.28,62.62,63.03,4162014
2013-04-15,62.72,63.0,61.58,61.59,4627777
2013-04-16,62.18,63.0,61.77,62.81,4976365
2013-04-17,62.39,63.15,61.96,62.03,8428959
2013-04-18,59.39,60.75,58.03,59.69,14014224
2013-04-19,59.94,60.7499,59.47,60.04,6501705
2013-04-22,59.99,60.1,58.64,59.22,6020853
2013-04-23,59.47,59.66,58.12,58.54,6277658
2013-04-24,58.9,59.25,58.72,58.79,5882946
2013-04-25,59.13,59.41,58.61,59.34,5669009
2013-04-26,59.26,60.1499,59.13,59.48,5803012
2013-04-29,59.95,60.49,59.81,60.01,4865669
2013-04-30,60.14,60.38,59.21,59.93,5698480
2013-05-01,59.96,60.44,59.3,59.72,4897720
2013-05-02,59.71,60.38,59.39,59.48,6070801
2013-05-03,59.79,60.03,58.87,58.92,5149453
2013-05-06,59.38,60.73,59.32,60.2,5609564
2013-05-07,60.08,61.13,59.93,60.5,4830638
2013-05-08,60.32,62.77,60.31,62.51,10033928
2013-05-09,62.25,62.56,61.4599,62.01,6416636
2013-05-10,62.04,62.99,61.81,62.91,5015656
2013-05-13,62.67,62.8,62.26,62.39,3490372
2013-05-14,62.3,62.48,61.55,61.73,5391974
2013-05-15,61.52,62.28,61.165,61.61,6808388
2013-05-16,61.3,62.35,61.2,62.14,6905157
2013-05-17,62.25,63.31,62.22,62.84,5840730
2013-05-20,62.73,62.92,62.4201,62.56,2688144
2013-05-21,62.57,63.03,62.45,62.87,3248961
2013-05-22,62.0,63.27,61.5301,62.28,6310378
2013-05-23,62.09,62.82,61.82,62.36,4479061
2013-05-24,62.02,62.52,61.49,62.06,4697868
2013-05-28,62.49,63.58,62.4,63.34,5341245
2013-05-29,63.32,63.55,62.81,63.35,5009278
2013-05-30,63.43,64.9,63.02,64.66,5674292
2013-05-31,64.45,64.845,62.6,62.63,5891184
2013-06-03,62.89,63.0,62.09,62.8,3756965
2013-06-04,62.6,62.99,61.92,62.36,5151061
2013-06-05,63.01,63.11,61.65,61.75,5380035
2013-06-06,61.75,61.92,60.95,61.92,4711462
2013-06-07,62.27,62.93,61.7,62.57,5218723
2013-06-10,62.58,63.9,62.57,63.68,5256504
2013-06-11,63.15,64.56,62.7,63.93,6063305
2013-06-12,64.24,64.51,63.62,63.83,3891093
2013-06-13,63.7,64.21,63.15,64.15,4379530
2013-06-14,64.13,64.45,63.59,63.8,3122575
2013-06-17,64.29,65.24,64.1,64.37,4974919
2013-06-18,64.9,65.71,64.46,65.68,5183233
2013-06-19,65.7,66.16,65.23,65.26,6370653
2013-06-20,64.8,64.82,63.65,63.8,5750788
2013-06-21,64.19,64.83,63.43,63.9,7807058
2013-06-24,63.49,65.04,63.46,64.65,5720028
2013-06-25,65.03,65.54,63.66,63.73,4962876
2013-06-26,64.03,65.06,64.02,64.78,4854856
2013-06-27,65.06,66.19,64.96,66.09,4487937
2013-06-28,65.62,66.13,65.04,65.48,6870317
2013-07-01,65.89,66.36,65.52,65.63,3737190
2013-07-02,65.43,65.66,65.05,65.27,4484509
2013-07-03,64.95,65.844,64.65,65.54,2277651
2013-07-05,65.96,66.19,65.27,66.17,2356427
2013-07-08,66.95,67.58,66.36,67.56,6196358
2013-07-09,68.02,68.449,67.29,67.97,4275660
2013-07-10,68.0,68.75,67.61,67.69,4383811
2013-07-11,68.27,68.55,67.65,68.36,6590148
2013-07-12,68.57,68.74,67.69,68.0,4646763
2013-07-15,68.13,68.19,67.46,67.62,3813566
2013-07-16,67.24,67.35,66.56,66.91,5459552
2013-07-17,67.01,67.44,65.92,66.23,8904554
2013-07-18,69.35,70.85,68.91,70.55,14085022
2013-07-19,70.61,72.09,70.1601,71.45,7504582
2013-07-22,71.56,72.54,71.4,72.18,5039135
2013-07-23,72.21,72.74,71.8201,72.69,3934764
2013-07-24,72.81,73.15,72.18,72.53,6023237
2013-07-25,72.08,72.62,71.7,72.62,3839306
2013-07-26,72.13,72.59,71.565,72.21,3825941
2013-07-29,72.11,72.86,71.96,72.79,3835619
2013-07-30,72.88,73.22,71.98,72.27,5375404
2013-07-31,72.47,73.66,72.47,72.85,5964715
2013-08-01,73.23,73.52,72.9,73.16,3254017
2013-08-02,73.03,73.03,71.93,72.26,3604351
2013-08-05,72.36,73.575,72.3,73.34,2870991
2013-08-06,73.18,73.37,72.53,73.24,3089540
2013-08-07,73.18,73.4,72.62,72.92,2812036
2013-08-08,73.15,73.67,72.86,73.18,2171566
2013-08-09,73.2,73.59,72.27,72.93,2556899
2013-08-12,72.41,72.59,72.01,72.39,3043365
2013-08-13,72.43,73.39,72.31,73.35,2627394
2013-08-14,73.19,73.3,72.31,72.49,3078963
2013-08-15,71.99,72.62,71.37,71.4,3402034
2013-08-16,71.15,71.98,71.0,71.43,3323573
2013-08-19,71.53,72.2046,71.46,71.71,2794836
2013-08-20,71.85,72.84,71.61,72.46,3112134
2013-08-21,72.18,72.34,71.47,71.85,3314236
2013-08-22,72.04,72.74,71.83,71.97,2959424
2013-08-23,72.01,72.72,71.91,72.54,3218469
2013-08-26,72.64,72.92,72.28,72.38,2801553
2013-08-27,71.95,72.14,71.32,71.52,3626382
2013-08-28,71.4,72.16,71.35,71.54,3297665
2013-08-29,71.34,72.83,71.15,72.44,5243530
2013-08-30,72.46,72.81,71.49,71.74,4186242
2013-09-03,71.81,72.7699,71.79,72.56,3801494
2013-09-04,72.46,73.35,72.2,73.35,3333446
2013-09-05,73.34,74.23,73.14,74.04,2861586
2013-09-06,74.24,74.79,72.55,74.06,3584069
2013-09-09,74.11,74.55,73.78,74.25,2632130
2013-09-10,74.6,74.64,73.84,74.63,3925413
2013-09-11,74.58,75.19,74.33,75.18,3819211
2013-09-12,75.32,75.5,74.7,74.74,2823758
2013-09-13,74.92,75.249,74.12,74.48,3420970
2013-09-16,75.09,75.88,74.97,75.12,4228744
2013-09-17,75.11,75.35,73.93,74.31,5138242
2013-09-18,74.15,74.19,72.44,73.04,7725552
2013-09-19,73.09,73.12,70.62,70.84,8323251
2013-09-20,70.55,71.75,70.4,70.57,9088657
2013-09-23,70.8,71.94,70.62,71.82,4482611
2013-09-24,72.18,72.94,71.63,72.32,4785195
2013-09-25,72.3,72.66,71.86,71.98,4812944
2013-09-26,72.0,72.81,71.92,72.16,2413165
2013-09-27,71.7,72.11,71.5,71.99,3548469
2013-09-30,71.29,71.67,71.01,71.61,4183642
2013-10-01,71.74,72.94,71.65,72.58,4322325
2013-10-02,72.24,72.63,72.07,72.57,2705731
2013-10-03,72.5,72.98,72.26,72.52,5038326
2013-10-04,72.5,73.135,72.23,72.99,4297567
2013-10-07,72.59,72.7,72.16,72.17,4786970
2013-10-08,72.0,72.415,71.43,71.48,6065049
2013-10-09,71.71,71.88,71.175,71.38,4464075
2013-10-10,72.13,73.98,71.84,73.98,4894314
2013-10-11,73.93,74.27,73.495,74.27,2935812
2013-10-14,73.86,74.81,73.52,74.72,2562179
2013-10-15,74.51,74.925,73.76,73.87,2922868
2013-10-16,74.5,75.49,74.38,75.19,4368632
2013-10-17,71.77,72.88,71.05,71.37,21810216
2013-10-18,71.26,71.35,67.54,68.76,21080719
2013-10-21,68.65,68.77,67.09,68.2,11496942
2013-10-22,68.22,69.634,68.22,68.86,7647251
2013-10-23,68.51,68.605,67.65,68.01,8227678
2013-10-24,68.01,68.39,67.18,67.61,6352512
2013-10-25,67.51,68.18,67.28,67.62,6892473
2013-10-28,67.55,67.7999,66.72,66.94,6977768
2013-10-29,66.88,68.145,66.85,68.08,5860047
2013-10-30,68.12,68.67,67.77,68.01,4360521
2013-10-31,68.4,68.71,67.86,68.26,4216661
2013-11-01,68.27,68.7,67.95,68.63,4459013
2013-11-04,68.78,69.26,68.355,68.95,3698729
2013-11-05,68.5,68.94,68.27,68.72,3335122
2013-11-06,68.87,71.021,68.8,70.29,5486273
2013-11-07,70.9,70.98,69.66,69.76,4497253
2013-11-08,69.7,70.53,69.64,70.5,3741901
2013-11-11,70.73,70.95,70.29,70.5,3082593
2013-11-12,70.47,70.9,69.87,69.95,3604788
2013-11-13,69.95,71.13,69.81,71.01,3879532
2013-11-14,71.34,71.6,70.94,71.44,3581223
2013-11-15,71.13,71.96,71.09,71.87,3872799
2013-11-18,71.97,72.1,71.5,71.68,3264201
2013-11-19,71.76,71.9101,71.26,71.61,4260942
2013-11-20,71.88,72.86,71.66,71.98,5031313
2013-11-21,72.39,73.68,72.37,72.91,4368036
2013-11-22,72.91,73.75,72.8,73.74,3186025
2013-11-25,74.0,74.66,73.79,74.07,3773872
2013-11-26,74.21,74.99,74.05,74.52,4635376
2013-11-27,74.67,74.93,74.08,74.36,3640581
2013-11-29,74.59,74.93,74.23,74.48,2025591
2013-12-02,73.64,74.45,73.64,74.16,4276029
2013-12-03,74.14,74.14,72.92,73.73,5162395
2013-12-04,73.02,74.41,72.54,73.65,5557013
2013-12-05,73.32,73.68,72.54,72.75,4105156
2013-12-06,73.23,73.72,72.84,73.5,3886028
2013-12-09,73.5,74.31,73.43,73.72,3989387
2013-12-10,73.7,74.41,73.68,74.05,3741085
2013-12-11,74.08,74.1,71.9,72.14,7304255
2013-12-12,72.19,72.57,70.91,71.01,5815289
2013-12-13,71.2,71.86,70.46,70.48,4741706
2013-12-16,70.73,71.38,70.53,71.06,4369520
2013-12-17,71.22,71.22,70.2,70.73,4281899
2013-12-18,71.03,72.465,70.7,72.38,4975696
2013-12-19,72.17,72.525,71.67,72.39,4359199
2013-12-20,72.63,73.73,72.62,73.35,7511469
2013-12-23,73.84,74.59,73.71,74.35,3271003
2013-12-24,74.2,74.42,73.92,74.13,1253543
2013-12-26,74.44,74.97,74.28,74.85,2121027
2013-12-27,75.0,75.32,74.58,74.69,2860286
2013-12-30,74.85,75.04,74.31,74.78,1983755
2013-12-31,75.0,75.54,74.632,75.3,2279959
2014-01-02,74.91,75.29,74.51,74.57,3066950
2014-01-03,74.8,75.76,74.6,75.1,3206426
2014-01-06,75.42,75.42,74.12,74.24,3425634
2014-01-07,74.94,77.3299,74.94,76.51,6545505
2014-01-08,76.33,76.46,75.48,75.62,6173225
2014-01-09,75.65,76.24,75.65,76.08,6291462
2014-01-10,76.2,76.3,74.55,74.7,6640391
2014-01-13,74.67,75.0,73.675,73.94,5248809
2014-01-14,74.05,74.34,73.69,74.02,5783945
2014-01-15,73.99,74.86,73.99,74.84,7044079
2014-01-16,74.13,74.84,72.15,72.76,8893571
2014-01-17,73.12,73.12,72.302,72.52,5555269
2014-01-21,72.72,73.62,72.41,73.16,6379381
2014-01-22,73.825,73.93,73.24,73.4,4920174
2014-01-23,72.7,73.69,72.49,73.2,5050598
2014-01-24,72.83,72.92,71.38,71.6,5643803
2014-01-27,71.31,72.2,71.14,71.65,4233604
2014-01-28,71.65,72.36,71.47,71.71,2933050
2014-01-29,71.39,72.96,70.84,71.26,6005149
2014-01-30,71.7,73.04,71.53,72.8,4254018
2014-01-31,71.87,72.35,71.45,72.28,4291488
2014-02-03,72.14,72.21,70.64,70.74,4532683
2014-02-04,70.8,71.0,69.8,70.51,4646147
2014-02-05,69.94,71.2,69.835,70.82,4394316
2014-02-06,70.77,71.06,70.09,70.87,4765611
2014-02-07,70.5,71.65,70.11,71.36,6954929
2014-02-10,70.91,71.07,69.57,69.74,7778767
2014-02-11,69.76,70.87,69.58,70.62,5547440
2014-02-12,70.91,71.3,69.98,70.24,4120630
2014-02-13,70.13,71.48,69.93,71.21,3787957
2014-02-14,71.16,73.84,71.0,73.52,6868841
2014-02-18,73.52,74.62,73.45,73.83,5538437
2014-02-19,73.55,74.31,73.42,73.55,3926547
2014-02-20,73.6,74.11,73.23,73.48,4134029
2014-02-21,73.43,74.1,73.34,73.81,4561973
2014-02-24,74.14,76.77,74.0,76.01,9569735
2014-02-25,75.98,76.14,75.13,75.32,3762240
2014-02-26,75.33,76.125,74.78,76.06,5433154
2014-02-27,75.78,76.41,75.6,76.02,4227261
2014-02-28,76.04,77.71,75.8,77.27,6176557
2014-03-03,76.7,77.46,76.53,77.1,3673405
2014-03-04,77.74,78.57,77.54,78.13,5171180
2014-03-05,78.26,78.5,77.58,77.99,3934324
2014-03-06,78.15,78.34,77.55,77.64,4200499
2014-03-07,78.01,78.07,77.04,77.4,3434762
2014-03-10,77.28,77.9,77.11,77.88,2986435
2014-03-11,77.91,78.45,77.52,77.78,3471320
2014-03-12,77.28,77.7,77.23,77.6,2875361
2014-03-13,77.76,78.1,76.96,77.01,3178656
2014-03-14,77.02,77.02,75.65,75.7,5128657
2014-03-17,76.14,77.02,76.09,76.76,3517946
2014-03-18,76.97,78.05,76.77,78.0,3670775
2014-03-19,78.07,80.3,77.94,79.96,9060088
2014-03-20,79.58,81.59,79.43,81.53,7786538
2014-03-21,82.19,83.32,81.3,81.34,11828107
2014-03-24,81.65,81.72,80.86,81.28,5306212
2014-03-25,81.59,82.15,80.98,81.1,4590186
2014-03-26,81.48,82.3,81.07,81.54,6909988
2014-03-27,81.58,81.9,80.78,81.02,5453852
2014-03-28,81.4,82.3499,81.26,81.62,4787407
2014-03-31,82.08,82.27,81.41,81.99,3513665
2014-04-01,82.35,83.05,81.58,81.84,4339860
2014-04-02,81.54,81.74,81.27,81.61,3832145
2014-04-03,81.65,82.35,81.6,82.25,4215604
2014-04-04,82.69,82.93,81.3688,81.53,4788119
2014-04-07,81.5,81.98,80.75,81.08,5290330
2014-04-08,81.07,81.55,80.11,80.66,4048983
2014-04-09,80.8,81.56,80.5,81.39,3308856
2014-04-10,81.42,81.99,79.78,79.99,4850066
2014-04-11,79.77,79.97,78.82,78.95,3418743
2014-04-14,79.44,79.68,78.3804,79.18,4013706
2014-04-15,79.36,79.72,78.06,79.51,4719051
2014-04-16,79.49,79.54,77.4701,78.19,8098381
2014-04-17,75.44,76.65,73.61,75.78,13427199
2014-04-21,75.7,76.48,74.79,74.95,6912457
2014-04-22,75.19,76.19,74.95,75.76,6199367
2014-04-23,75.81,76.07,75.11,75.33,4645725
2014-04-24,76.15,77.08,75.91,76.59,4604993
2014-04-25,76.57,77.29,75.23,75.66,5416238
2014-04-28,76.35,76.58,75.42,75.74,5346755
2014-04-29,75.95,76.21,74.885,75.2,4813169
2014-04-30,75.25,76.19,74.92,75.04,6435883
2014-05-01,75.05,75.4,74.26,74.95,4597953
2014-05-02,74.68,75.33,74.51,75.03,3794748
2014-05-05,74.83,75.31,74.3,75.23,4476125
2014-05-06,75.13,75.6,74.89,75.26,4728216
2014-05-07,75.59,77.95,75.08,77.91,6383483
2014-05-08,77.82,78.06,76.74,76.89,4943133
2014-05-09,76.82,77.3,76.62,76.95,3465602
2014-05-12,77.2,78.02,77.1,77.74,3110874
2014-05-13,77.86,78.22,77.53,78.04,3059008
2014-05-14,78.05,78.05,76.94,77.17,2635300
2014-05-15,77.16,77.32,76.23,76.48,3075204
2014-05-16,76.35,76.67,76.01,76.65,2974554
2014-05-19,76.42,77.23,76.36,77.2,2149084
2014-05-20,77.19,77.4,76.36,76.66,2806514
2014-05-21,76.71,77.88,76.63,77.72,2401209
2014-05-22,77.71,78.63,77.63,78.34,3147002
2014-05-23,78.65,79.0,78.3622,78.77,2251500
2014-05-27,79.23,79.33,78.66,79.11,2645515
2014-05-28,78.97,79.21,78.3,78.58,2250873
2014-05-29,78.6,79.425,78.08,79.37,3526776
2014-05-30,79.24,79.74,78.88,79.63,5139572
2014-06-02,79.77,79.93,79.32,79.47,1986392
2014-06-03,79.31,80.18,79.28,79.88,2841136
2014-06-04,79.73,80.57,79.48,80.51,3552853
2014-06-05,80.48,80.75,79.68,79.8,3453679
2014-06-06,79.99,80.32,79.57,79.93,3286592
2014-06-09,80.05,80.25,79.26,79.76,2801673
2014-06-10,79.6,79.995,79.47,79.81,2459185
2014-06-11,79.76,80.34,79.42,80.17,2733575
2014-06-12,79.78,80.0,79.095,79.44,2559953
2014-06-13,79.34,79.37,78.6,79.18,2265154
2014-06-16,79.18,79.21,77.81,78.0,4547770
2014-06-17,77.9,78.25,77.53,78.17,3430890
2014-06-18,78.17,79.37,77.78,79.21,4823037
2014-06-19,79.35,80.79,79.26,80.51,4544281
2014-06-20,80.83,81.485,80.46,81.41,7366539
2014-06-23,81.39,81.65,80.98,81.49,3066875
2014-06-24,81.43,82.385,81.42,81.74,4685483
2014-06-25,81.35,82.38,80.81,82.34,3634609
2014-06-26,82.48,82.48,81.66,82.29,2916113
2014-06-27,81.69,82.11,81.31,82.0,4755622
2014-06-30,82.28,82.54,81.595,81.75,3916130
2014-07-01,81.74,82.35,81.65,81.89,5482404
2014-07-02,81.8,82.52,81.07,82.49,3693498
2014-07-03,82.59,83.44,82.32,83.35,2183356
2014-07-07,82.99,83.1,81.79,82.22,2558521
2014-07-08,82.02,82.07,81.38,81.93,2972233
2014-07-09,81.98,82.75,81.89,82.74,3079544
2014-07-10,81.28,82.51,81.05,82.08,3829357
2014-07-11,81.92,83.13,81.726,82.87,2758370
2014-07-14,83.33,84.69,83.21,84.27,3800692
2014-07-15,84.04,84.74,83.7323,83.9,4375967
2014-07-16,84.07,84.13,83.215,83.76,3955246
2014-07-17,84.25,87.24,83.43,85.11,7118352
2014-07-18,85.47,85.78,84.43,85.52,3892050
2014-07-21,85.22,85.29,84.03,85.06,4025054
2014-07-22,85.52,86.76,85.47,86.05,4366881
2014-07-23,86.31,86.545,85.77,85.94,2596329
2014-07-24,85.45,86.33,85.29,85.68,4022427
2014-07-25,84.12,85.01,84.0,84.68,3362632
2014-07-28,85.03,85.9,84.6,85.75,2206871
2014-07-29,84.96,85.56,83.99,84.27,4897834
2014-07-30,84.76,84.87,81.72,82.95,7171944
2014-07-31,81.77,82.18,80.545,81.05,5345605
2014-08-01,81.59,82.53,81.155,82.27,3197713
2014-08-04,81.59,82.53,81.155,82.27,3197713
2014-08-05,81.83,82.53,80.57,80.99,4599538
2014-08-06,80.95,82.1199,80.74,81.5,3311312
2014-08-07,81.0,81.09,79.16,79.26,5471126
2014-08-08,79.41,80.19,78.74,80.12,3713398
2014-08-11,80.39,80.65,79.76,79.87,3460399
2014-08-12,79.61,80.39,79.53,80.22,3206150
2014-08-13,80.62,81.67,80.385,81.51,3049868
2014-08-14,81.71,82.07,80.1599,81.82,2241095
2014-08-15,82.21,82.28,80.81,81.47,2442721
2014-08-18,81.77,82.48,81.35,82.34,2795757
2014-08-19,82.49,83.76,82.05,83.47,3549430
2014-08-20,82.94,83.75,82.36,83.43,2579624
2014-08-21,83.61,84.1,83.59,83.77,2648527
2014-08-22,83.6,84.0,83.46,83.78,2089466
2014-08-25,84.39,84.75,83.95,84.24,1988101
2014-08-26,84.45,85.34,84.15,85.12,2269197
2014-08-27,85.18,86.97,84.96,86.38,5804220
2014-08-28,86.0,87.0,85.52,86.34,2753827
2014-08-29,86.75,87.23,86.35,86.68,3297485
2014-09-02,87.12,87.22,85.76,86.39,3726067
2014-09-03,86.78,87.35,86.42,86.79,2824458
2014-09-04,86.76,88.45,86.71,87.06,3650146
2014-09-05,86.95,87.8,86.74,87.75,3873450
2014-09-08,87.7,88.0,87.42,87.91,2298199
2014-09-09,88.0,88.85,87.49,88.56,4413984
2014-09-10,88.44,88.5,86.69,87.25,3355823
2014-09-11,86.76,87.12,86.2,87.08,3035393
2014-09-12,87.24,87.24,85.86,86.18,2582410
2014-09-15,86.3,86.82,85.83,86.03,2441860
2014-09-16,86.0,87.37,85.85,87.16,2973828
2014-09-17,86.95,87.5597,86.474,86.99,3302717
2014-09-18,87.42,87.97,87.19,87.63,2583988
2014-09-19,88.51,88.72,87.6401,87.8,6486285
2014-09-22,87.8,88.44,87.48,87.77,2335394
2014-09-23,87.32,87.69,86.38,86.59,2640243
2014-09-24,86.62,88.46,86.6,88.21,2661475
2014-09-25,87.79,88.0,86.03,86.18,3657085
2014-09-26,86.25,86.97,85.91,86.6,2260493
2014-09-29,85.58,86.95,85.58,86.51,3114772
2014-09-30,86.68,87.08,86.115,86.25,2843214
2014-10-01,86.0,86.26,84.61,84.88,4140232
2014-10-02,84.85,85.27,83.73,84.9,3046995
2014-10-03,85.37,86.28,85.07,86.02,3108080
2014-10-06,86.65,86.945,84.95,85.09,2596071
2014-10-07,84.9,85.13,83.93,84.19,3416980
2014-10-08,84.29,86.84,83.99,86.62,4791144
2014-10-09,86.35,86.55,84.63,84.94,4432816
2014-10-10,85.09,86.82,85.05,85.39,4036846
2014-10-13,85.22,85.95,83.76,83.95,3677943
2014-10-14,84.34,84.57,82.55,82.82,5929537
2014-10-15,82.17,82.98,80.72,82.16,8308870
2014-10-16,84.76,86.7,84.096,85.39,10233059
2014-10-17,86.85,88.81,86.75,88.18,8532850
2014-10-20,88.24,88.84,88.0,88.54,4895885
2014-10-21,89.16,91.08,88.85,90.95,5882176
2014-10-22,91.44,91.44,89.71,89.77,4290410
2014-10-23,90.94,91.28,90.42,90.66,3159178
2014-10-24,90.66,91.7,90.59,91.64,2977336
2014-10-27,91.43,92.28,91.375,92.13,3948931
2014-10-28,91.05,92.78,90.36,92.64,4751011
2014-10-29,95.57,96.01,95.02,95.8,3454715
2014-10-30,92.56,94.15,92.5,93.88,2836374
2014-10-31,95.0,95.67,94.31,95.01,5031542
2014-11-03,95.45,95.665,94.5,94.86,4004311
2014-11-04,94.99,95.6,94.24,94.98,4437644
2014-11-05,95.57,96.01,95.02,95.8,3454715
2014-11-06,96.04,96.64,95.9,96.21,3743249
2014-11-07,95.5,95.72,93.01,93.61,6155418
2014-11-10,93.68,95.0,93.5,94.75,4087673
2014-11-11,95.05,95.75,94.72,95.69,2291363
2014-11-12,95.23,95.97,94.52,95.68,2897661
2014-11-13,95.64,96.74,95.4,95.9,2767673
2014-11-14,96.02,96.12,94.87,95.11,2709574
2014-11-17,95.2,96.69,94.84,96.47,3297638
2014-11-18,96.99,98.61,96.85,98.19,4320839
2014-11-19,97.73,98.41,96.79,96.86,3433847
2014-11-20,96.46,96.85,96.17,96.85,3316654
2014-11-21,97.4,98.04,96.59,96.71,4408560
2014-11-24,97.27,97.29,96.51,96.9,3998787
2014-11-25,97.0,98.14,96.91,97.9,4066251
2014-11-26,97.99,98.74,97.82,98.11,2765874
2014-11-28,98.7,99.42,98.43,98.63,2177486
2014-12-01,98.75,99.829,98.01,99.06,4892834
2014-12-02,99.0,100.0,98.2,99.83,5297240
2014-12-03,99.88,101.33,99.7,100.8,6689029
2014-12-04,100.84,100.93,99.42,99.67,4089785
2014-12-05,99.81,100.71,99.68,100.33,3104852
2014-12-08,100.32,100.9,99.635,99.92,3085821
2014-12-09,99.04,101.09,98.75,101.02,3792238
2014-12-10,100.77,101.02,99.0071,99.09,3908657
2014-12-11,99.39,100.67,99.24,99.73,2940571
2014-12-12,99.58,100.41,98.69,98.76,3086461
2014-12-15,98.8,99.75,97.41,98.27,3649272
2014-12-16,97.65,98.78,95.75,95.85,4843791
2014-12-17,96.55,99.75,96.17,99.14,6235009
2014-12-18,100.28,102.26,99.91,102.24,4681027
2014-12-19,102.0,104.0,102.0,102.49,7986510
2014-12-22,102.58,103.24,102.47,103.04,2398129
2014-12-23,103.72,103.93,102.44,102.85,3036241
2014-12-24,103.0,103.32,102.54,102.68,951739
2014-12-26,102.59,103.0,102.16,102.55,2019916
2014-12-29,102.38,103.01,101.83,102.33,1708084
2014-12-30,102.25,103.06,102.25,102.85,1767578
2014-12-31,103.12,103.68,101.03,101.09,2313864
2015-01-02,101.5,102.62,100.0089,100.78,3070081
2015-01-05,100.3,100.45,98.745,99.12,4684055
2015-01-06,99.83,100.14,98.46,98.92,3468294
2015-01-07,98.96,100.3,98.92,99.93,3225790
2015-01-08,101.57,104.9825,100.72,104.7,5346136
2015-01-09,104.42,104.63,102.9,103.72,3397568
2015-01-12,103.83,104.0,101.91,102.55,3051543
2015-01-13,103.94,105.6,101.84,103.07,3856451
2015-01-14,101.61,103.48,101.18,103.33,4725606
2015-01-15,103.56,104.59,103.13,104.46,5888889
2015-01-16,104.5,106.0,103.65,105.77,6045454
2015-01-20,106.2,106.38,104.495,105.62,6526776
2015-01-21,106.52,109.45,105.62,109.32,8293677
2015-01-22,109.75,114.12,109.33,113.85,8055198
2015-01-23,113.64,114.32,112.0,112.0,5255967
2015-01-26,112.0,112.0,110.76,111.61,4203420
2015-01-27,110.95,111.25,109.92,110.01,4718269
2015-01-28,110.57,110.88,108.45,108.46,6633549
2015-01-29,108.15,109.58,106.74,109.39,4912269
2015-01-30,108.62,109.39,106.14,106.25,5397460
2015-02-02,106.73,107.34,105.07,107.29,4657062
2015-02-03,107.35,108.0,106.52,107.81,4192622
2015-02-04,106.83,108.74,106.75,107.92,4768858
2015-02-05,108.32,109.81,108.32,108.82,3297724
2015-02-06,108.59,109.4,107.19,107.6,3661416
2015-02-09,106.93,107.24,106.28,106.49,3909714
2015-02-10,107.26,109.46,107.13,108.97,5437375
2015-02-11,108.73,110.06,108.38,109.85,3798477
2015-02-12,110.7,110.78,108.83,109.84,3378023
2015-02-13,109.69,109.8399,108.68,109.44,3727640
2015-02-17,109.34,109.76,108.52,109.76,3430589
2015-02-18,109.0,110.22,108.95,109.77,2958730
2015-02-19,109.54,110.36,109.44,110.03,2674820
2015-02-20,109.96,112.82,109.44,112.62,4647067
2015-02-23,112.99,116.49,112.85,116.4,7059978
2015-02-24,116.26,116.58,115.32,115.43,3582753
2015-02-25,115.82,115.82,113.72,114.05,3845920
2015-02-26,114.41,114.62,113.37,113.66,3126809
2015-02-27,113.77,114.25,113.41,113.63,4016356
2015-03-02,113.77,114.85,113.75,114.4,2952183
2015-03-03,113.95,114.49,112.36,112.86,3163749
2015-03-04,112.25,113.965,111.65,113.82,3180942
2015-03-05,114.07,115.72,114.07,114.79,2941428
2015-03-06,115.16,115.16,112.609,112.88,3196855
2015-03-09,112.97,114.96,112.87,114.9,3942031
2015-03-10,114.26,114.41,112.46,112.46,3957926
2015-03-11,112.9,113.59,112.64,112.72,2593672
2015-03-12,113.32,115.05,113.15,114.88,3258580
2015-03-13,114.44,115.39,113.53,115.25,3066826
2015-03-16,116.0,118.69,115.82,118.52,4692162
2015-03-17,118.08,118.13,116.9164,117.6,3303518
2015-03-18,117.43,120.52,116.73,119.96,5533519
2015-03-19,120.0,121.1,119.82,120.76,4032485
2015-03-20,121.35,121.53,119.0,119.14,7195722
2015-03-23,119.48,120.48,118.59,119.04,4576531
2015-03-24,118.9,119.64,118.08,118.12,3054689
2015-03-25,118.85,119.75,116.51,116.54,3385513
2015-03-26,116.07,117.21,114.6,116.25,2856404
2015-03-27,116.06,118.22,116.02,118.01,2608526
2015-03-30,122.32,123.76,120.5301,121.0,5178532
2015-03-31,120.8,120.93,118.22,118.29,4573089
2015-04-01,119.52,119.52,116.54,117.45,4826179
2015-04-02,117.6,118.38,116.87,117.36,2497135
2015-04-06,116.02,118.52,115.95,117.7,2544720
2015-04-07,119.45,119.829,117.27,117.35,2528472
2015-04-08,117.78,118.833,117.47,118.19,2626960
2015-04-09,117.83,118.76,117.6,118.55,2247228
2015-04-10,118.55,119.098,117.97,119.0,2232569
2015-04-13,121.0,121.31,119.13,119.37,3961024
2015-04-14,119.34,120.18,118.52,119.92,3208819
2015-04-15,120.38,120.74,116.55,117.32,7343997
2015-04-16,121.93,122.32,120.52,121.6,7068037
2015-04-17,121.0,121.05,117.7401,118.71,4389960
2015-04-20,119.85,120.33,118.07,118.58,4651035
2015-04-21,119.0,119.63,118.76,119.28,3379795
2015-04-22,119.54,119.94,117.17,117.81,3846694
2015-04-23,117.48,118.58,116.96,118.26,3244285
2015-04-24,118.28,119.09,118.02,118.69,3139223
2015-04-27,119.18,119.41,116.07,116.24,5174300
2015-04-28,116.89,117.74,114.28,117.59,4144846
2015-04-29,116.22,117.32,112.04,113.61,7122620
2015-04-30,113.53,114.33,111.12,111.4,6705565
2015-05-01,112.29,113.66,111.74,113.2,5805060
2015-05-04,113.7,114.925,113.45,114.56,3531451
2015-05-05,113.94,114.28,113.01,113.37,3960443
2015-05-06,114.0,114.4899,112.66,113.49,3369777
2015-05-07,113.15,115.14,113.11,114.76,3300160
2015-05-08,115.925,116.59,115.05,115.68,3065991
2015-05-11,115.61,115.79,114.72,114.77,3376389
2015-05-12,114.23,115.08,113.83,114.64,3844554
2015-05-13,114.62,116.3,114.62,115.86,3667715
2015-05-14,117.18,118.62,116.21,118.53,4771391
2015-05-15,118.78,119.35,118.31,119.33,3083804
2015-05-18,119.22,119.98,118.8436,119.8,2824661
2015-05-19,119.82,121.13,119.69,120.55,3554852
2015-05-20,120.73,121.85,120.03,121.24,3379166
2015-05-21,120.76,120.84,120.05,120.46,2983475
2015-05-22,120.3,120.78,119.14,119.59,2945924
2015-05-26,119.22,119.59,117.7,118.24,3014507
2015-05-27,118.88,119.85,118.265,119.45,2887650
2015-05-28,119.31,119.815,118.29,119.62,2873631
2015-05-29,120.06,121.62,117.74,120.21,6019926
2015-06-01,120.54,120.56,118.75,119.86,3876398
2015-06-02,119.49,119.68,117.41,117.75,4219463
2015-06-03,118.0,118.99,117.45,118.35,3438063
2015-06-04,117.92,117.97,116.03,116.65,3300333
2015-06-05,116.33,116.7491,115.36,116.53,2724464
2015-06-08,116.38,117.67,116.32,116.91,3271253
2015-06-09,116.93,117.38,115.79,116.99,3047335
2015-06-10,117.03,118.88,116.73,118.55,4006416
2015-06-11,118.41,119.94,118.22,119.32,3815604
2015-06-12,118.84,119.0,117.5,117.65,3076621
2015-06-15,116.83,120.88,116.0,118.98,6809507
2015-06-16,119.14,122.18,119.0,121.55,7229358
2015-06-17,121.9,122.2,119.165,119.74,4805900
2015-06-18,120.39,121.38,119.92,120.89,3478319
2015-06-19,120.65,120.88,119.9,120.33,4178666
2015-06-22,121.63,122.23,119.94,120.25,4435575
2015-06-23,121.37,122.77,121.01,122.74,4991031
2015-06-24,122.8,123.0,119.095,119.17,4650530
2015-06-25,119.57,123.41,119.5,122.33,6149545
2015-06-26,123.79,124.11,122.73,123.25,16358215
2015-06-29,122.04,123.03,121.11,121.19,3603962
2015-06-30,122.42,122.94,121.0,122.0,4982584
2015-07-01,122.95,123.65,122.22,123.38,3269320
2015-07-02,123.82,123.88,121.02,121.81,3682344
2015-07-06,119.6,123.1,119.26,122.16,6522842
2015-07-07,122.36,122.8,117.81,120.7,6476201
2015-07-08,119.05,119.99,118.395,118.78,4009815
2015-07-09,120.04,120.56,119.31,119.34,3315646
2015-07-10,120.99,122.7525,120.7,122.15,4033477
2015-07-13,123.1,123.75,121.81,122.45,3766898
2015-07-14,122.18,125.2,122.0,125.0,4192391
2015-07-15,124.95,126.05,123.81,125.86,5067255
2015-07-16,125.42,125.4999,122.1,124.93,7216574
2015-07-17,124.7,124.98,123.7,123.85,3702747
2015-07-20,124.05,124.225,122.33,122.65,3199739
2015-07-21,122.57,122.72,120.34,120.86,4239093
2015-07-22,120.97,121.24,120.0801,120.61,3385846
2015-07-23,121.63,121.68,118.76,119.33,4896078
2015-07-24,119.12,119.72,117.58,117.94,3840567
2015-07-27,117.88,118.09,116.66,117.88,3752304
2015-07-28,118.74,121.57,118.5,121.52,5216853
2015-07-29,121.82,122.11,120.62,121.52,3924387
2015-07-30,121.14,121.92,119.55,120.56,3732435
2015-07-31,120.47,122.72,120.47,121.4,3592980
2015-08-03,121.61,122.17,120.14,120.89,2541250
2015-08-04,121.58,121.629,120.23,120.84,2058219
2015-08-05,121.76,124.24,121.76,123.92,3831948
2015-08-06,124.37,124.64,121.8,122.04,3014880
2015-08-07,121.71,121.86,120.26,121.82,2276284
2015-08-10,122.5,123.34,121.94,122.48,2479950
2015-08-11,121.27,123.02,121.27,122.26,2755968
2015-08-12,121.26,121.78,119.0501,121.2,3050323
2015-08-13,121.33,121.99,120.29,120.52,3253372
2015-08-14,120.57,121.18,120.26,121.02,2040515
2015-08-17,120.4,123.949,120.3,123.82,2951800
2015-08-18,123.88,126.21,123.82,125.5,4140190
2015-08-19,124.71,124.99,122.85,123.22,3411490
2015-08-20,122.24,122.42,119.79,119.79,3201606
2015-08-21,118.25,118.8,116.0101,116.28,5627848
2015-08-24,110.86,114.9899,95.0,110.43,8824915
2015-08-25,113.0,114.59,109.8,109.98,8109928
2015-08-26,112.56,113.83,110.28,113.46,7503231
2015-08-27,115.25,117.83,114.9637,117.77,5783660
2015-08-28,117.39,117.84,116.0008,117.28,3333129
2015-08-31,117.21,118.78,115.16,115.7,4087000
2015-09-01,113.36,114.22,112.07,112.63,4658118
2015-09-02,113.83,114.6,112.53,114.23,4522098
2015-09-03,114.74,115.92,113.46,113.99,3137062
2015-09-04,112.5,113.07,111.26,112.36,3395894
2015-09-08,114.13,116.21,113.67,116.09,3990602
2015-09-09,117.29,117.72,114.83,115.08,3753474
2015-09-10,114.85,117.94,114.73,116.77,5525658
2015-09-11,116.17,118.87,115.86,118.7,3752461
2015-09-14,119.03,119.5,117.15,117.8,2686455
2015-09-15,118.61,120.61,117.43,120.03,3072109
2015-09-16,120.27,121.36,119.55,121.15,3475674
2015-09-17,121.5,125.12,120.9,123.26,5466515
2015-09-18,122.21,123.77,121.815,122.47,7458385
2015-09-21,123.49,124.27,121.39,123.94,3476697
2015-09-22,121.44,123.79,121.44,122.93,4566806
2015-09-23,123.0,124.21,122.04,123.28,3131294
2015-09-24,122.35,122.63,119.27,121.09,4735825
2015-09-25,122.18,122.41,115.23,116.37,8060159
2015-09-28,115.55,115.82,111.005,112.7,5727045
2015-09-29,112.89,114.86,111.612,114.22,5142683
2015-09-30,115.39,116.9214,114.88,116.01,4638603
2015-10-01,115.94,116.71,114.91,116.61,3768295
2015-10-02,115.14,118.85,114.82,118.83,3521569
2015-10-05,119.67,120.34,118.13,119.65,3491193
2015-10-06,119.46,119.6,114.67,116.05,4652024
2015-10-07,116.46,116.81,114.6,116.43,4293891
2015-10-08,116.43,116.94,114.9,116.08,3646546
2015-10-09,115.99,119.47,115.96,119.27,4485089
2015-10-12,119.01,123.07,118.56,122.51,5840042
2015-10-13,123.16,125.99,121.59,123.99,6655729
2015-10-14,123.85,125.0,120.835,122.07,5592176
2015-10-15,119.0,120.5,115.96,120.17,8012435
2015-10-16,120.85,120.85,118.58,119.98,4416469
2015-10-19,119.78,120.91,119.2,120.73,3707510
2015-10-20,120.64,121.57,119.69,120.42,3278381
2015-10-21,120.69,120.8,115.27,118.11,5338969
2015-10-22,118.21,119.03,110.0718,113.81,10475049
2015-10-23,114.45,116.62,114.0372,115.92,5497462
2015-10-26,115.92,117.0,115.0,116.53,3377107
2015-10-27,116.39,119.52,115.9,119.37,4008360
2015-10-28,119.76,120.14,115.91,119.78,4405528
2015-10-29,119.79,121.67,119.5036,119.71,3257509
2015-10-30,119.93,120.37,117.78,117.78,4237848
2015-11-02,118.64,119.95,117.84,118.69,3874210
2015-11-03,118.17,118.46,116.25,117.66,2758179
2015-11-04,117.6,117.75,114.06,114.64,5396862
2015-11-05,114.98,116.77,113.63,116.23,4009060
2015-11-06,115.23,115.8,114.01,114.81,4106917
2015-11-09,114.13,114.64,113.01,114.26,2755074
2015-11-10,114.27,116.2,114.03,115.89,2842605
2015-11-11,116.35,116.86,114.35,114.54,2374191
2015-11-12,113.76,114.74,112.53,112.82,3341268
2015-11-13,112.49,113.02,111.18,111.41,3767349
2015-11-16,110.9,114.14,110.79,113.82,2449964
2015-11-17,113.73,115.44,113.17,114.39,1981366
2015-11-18,114.25,117.53,113.75,117.25,3319876
2015-11-19,109.79,113.71,109.61,110.63,15731947
2015-11-20,110.89,114.44,110.6,112.97,7059415
2015-11-23,112.97,114.49,112.1,112.16,3780417
2015-11-24,111.38,113.45,111.06,113.19,3244841
2015-11-25,113.47,115.05,113.0,114.41,2959195
2015-11-27,114.49,115.9,114.08,114.34,1740503
2015-11-30,114.56,114.815,112.62,112.71,4605213
2015-12-01,113.53,116.37,113.05,116.26,5466961
2015-12-02,116.24,119.38,116.11,117.64,6071132
2015-12-03,117.8,118.28,114.43,115.0,4287079
2015-12-04,115.59,118.2499,115.24,117.74,3588162
2015-12-07,117.89,117.89,115.2,115.91,3164319
2015-12-08,114.95,116.3499,113.95,115.88,3551921
2015-12-09,115.4,116.815,114.66,115.05,3839106
2015-12-10,115.05,117.05,114.34,116.21,3202595
2015-12-11,115.05,117.34,114.62,115.98,3830793
2015-12-14,115.88,116.74,114.43,115.85,3867188
2015-12-15,116.87,118.5,116.66,117.61,3124083
2015-12-16,118.3,119.76,116.9,118.83,3516898
2015-12-17,118.83,121.09,118.64,119.22,3945750
2015-12-18,118.61,118.86,115.82,115.82,7574811
2015-12-21,116.57,117.77,116.0,117.41,3185166
2015-12-22,118.19,118.34,116.214,117.44,2821566
2015-12-23,117.9,118.83,117.55,118.69,2479615
2015-12-24,118.53,119.18,118.29,118.34,900064
2015-12-28,118.26,118.61,117.38,118.33,1582598
2015-12-29,118.87,120.41,118.7,119.82,2027647
2015-12-30,120.03,120.11,118.66,118.92,1747681
2015-12-31,118.64,119.3699,117.36,117.64,2372492
2016-01-04,116.91,116.91,114.525,116.46,4990955
2016-01-05,116.72,117.89,116.21,116.68,2816752
2016-01-06,115.78,116.65,114.5,115.49,2677303
2016-01-07,113.63,114.09,111.42,112.09,5277249
2016-01-08,112.35,113.0,109.76,110.16,4422365
2016-01-11,110.51,110.62,108.1946,109.58,4525815
2016-01-12,110.36,113.13,110.05,112.26,4037787
2016-01-13,112.41,113.035,108.93,109.23,3434267
2016-01-14,108.74,111.8,107.51,110.76,4238172
2016-01-15,109.08,110.65,107.791,109.27,6356960
2016-01-19,111.49,114.16,109.6,112.58,7122750
2016-01-20,112.09,115.74,110.15,114.79,8380650
2016-01-21,114.67,115.48,112.26,113.5,5413940
2016-01-22,114.67,115.15,113.89,114.33,3622152
2016-01-25,114.52,115.31,112.85,113.38,2908450
2016-01-26,112.91,114.18,111.76,113.96,4593248
2016-01-27,114.43,114.81,111.84,112.33,4720294
2016-01-28,112.29,113.25,110.61,111.38,3525571
2016-01-29,111.93,115.16,110.62,115.16,5280844
2016-02-01,114.83,116.15,114.11,115.89,4333531
2016-02-02,114.95,115.39,113.27,113.88,2997694
2016-02-03,114.37,114.37,110.3,112.75,3462331
2016-02-04,112.67,114.55,112.04,114.2,3608263
2016-02-05,114.07,114.205,110.9,111.72,3330817
2016-02-08,110.5,111.12,108.8301,110.02,5050159
2016-02-09,109.365,112.28,109.14,111.16,3680202
2016-02-10,111.33,114.48,111.33,112.74,3023348
2016-02-11,111.32,111.69,110.09,110.62,3955031
2016-02-12,111.2,111.91,110.21,111.82,2552095
2016-02-16,112.63,115.27,112.53,115.15,3445716
2016-02-17,115.5,118.39,115.2,118.3,4465960
2016-02-18,118.5,120.0,117.06,117.45,3847147
2016-02-19,117.5,118.55,116.02,117.68,4481430
2016-02-22,119.12,122.14,118.96,121.27,5054758
2016-02-23,120.64,121.8,120.27,121.15,2804371
2016-02-24,119.93,120.32,117.83,120.2,2559734
2016-02-25,120.2,121.23,119.82,121.2,2281681
2016-02-26,121.48,122.26,120.89,121.33,2877936
2016-02-29,121.1,121.82,118.97,119.1,4526284
2016-03-01,119.49,122.22,119.37,121.67,3295598
2016-03-02,121.23,121.84,120.37,121.27,2670930
2016-03-03,120.86,121.86,120.09,121.82,3064146
2016-03-04,121.32,122.19,120.74,121.8,2873930
2016-03-07,121.08,122.74,120.9,121.76,2315423
2016-03-08,121.28,122.32,120.73,121.66,2522033
2016-03-09,121.88,122.12,120.45,121.1,2094397
2016-03-10,121.2,122.7599,120.4103,122.09,2638429
2016-03-11,122.47,125.32,122.25,125.1,3766160
2016-03-14,124.8,126.02,124.36,125.22,2856420
2016-03-15,124.54,125.47,124.08,124.85,2610268
2016-03-16,124.39,125.55,124.1,124.9,2140906
2016-03-17,124.61,124.96,122.22,124.53,3911441
2016-03-18,124.86,127.08,124.5316,126.72,6948407
2016-03-21,126.24,127.0,125.68,126.74,2667008
2016-03-22,126.65,128.815,126.02,128.02,3984045
2016-03-23,128.15,130.35,128.02,129.79,6166362
2016-03-24,128.97,130.32,127.17,128.59,4153996
2016-03-28,128.82,129.5,128.01,128.92,1955202
2016-03-29,129.27,130.09,128.54,129.83,2463118
2016-03-30,130.09,131.105,129.39,129.68,2578505
2016-03-31,129.64,129.97,128.29,128.9,3181784
2016-04-01,128.69,130.44,128.36,129.92,3901677
2016-04-04,130.5,130.7,128.875,129.49,2812378
2016-04-05,128.95,129.46,126.9,127.04,4439964
2016-04-06,127.23,128.42,126.88,128.03,3021371
2016-04-07,127.51,128.44,126.23,126.87,3186604
2016-04-08,127.19,128.15,125.26,125.68,3642689
2016-04-11,125.83,126.94,125.83,126.33,3119234
2016-04-12,126.3,127.36,125.4,126.8,2887244
2016-04-13,127.65,128.66,127.27,127.76,2592359
2016-04-14,127.72,128.57,127.5595,127.98,1674578
2016-04-15,127.89,128.06,126.22,127.33,2835230
2016-04-18,126.88,128.03,126.6,127.81,2717440
2016-04-19,130.09,131.3,129.12,130.5,4340090
2016-04-20,131.29,135.11,130.9,133.93,7320974
2016-04-21,133.56,134.0,132.43,132.96,3786006
2016-04-22,133.72,134.33,133.0519,134.13,2782768
2016-04-25,133.71,134.07,132.59,133.78,2702128
2016-04-26,133.97,134.61,133.0,134.24,2637991
2016-04-27,134.34,134.58,131.9,132.8,3358755
2016-04-28,132.79,134.39,131.685,132.07,3332811
2016-04-29,131.06,131.88,128.93,131.68,4161071
2016-05-02,132.61,132.93,130.92,132.1,2887782
2016-05-03,131.37,133.23,131.1324,132.46,3632324
2016-05-04,131.02,132.41,130.585,132.03,2909277
2016-05-05,132.05,133.28,131.85,132.31,2054692
2016-05-06,132.09,132.28,130.6,132.04,2618614
2016-05-09,131.75,133.59,131.57,132.67,2191779
2016-05-10,132.92,133.6,132.58,133.57,2223552
2016-05-11,133.74,134.0,130.58,130.69,3450783
2016-05-12,131.0,131.2899,128.75,129.74,3210422
2016-05-13,129.1,130.03,128.55,129.0,3137335
2016-05-16,128.75,130.86,128.53,130.64,2466033
2016-05-17,130.57,131.22,128.99,129.56,2294547
2016-05-18,129.11,131.27,128.93,130.51,2253759
2016-05-19,129.69,131.12,128.76,130.0,2756045
2016-05-20,130.63,131.79,130.2,130.94,2538163
2016-05-23,130.125,131.2,130.01,130.42,3036471
2016-05-24,130.76,132.99,130.31,132.59,2702429
2016-05-25,133.21,134.3,132.78,133.42,2211337
2016-05-26,133.5,133.96,132.66,132.98,1499328
2016-05-27,132.98,134.53,132.96,134.0,1833441
2016-05-31,134.6,134.75,133.48,133.67,3634146
2016-06-01,133.58,134.85,133.02,134.53,2618138
2016-06-02,134.26,136.15,134.01,136.04,4015018
2016-06-03,135.61,137.12,135.15,136.84,3625603
2016-06-06,136.92,138.39,136.51,138.15,2960016
2016-06-07,138.16,138.5,136.88,136.94,2943165
2016-06-08,137.27,140.89,137.0,140.4,6180785
2016-06-09,140.49,140.87,139.54,140.68,3682420
2016-06-10,140.25,140.39,138.64,139.24,2805779
2016-06-13,139.0,140.13,138.08,138.09,2813615
2016-06-14,137.88,138.258,137.34,137.87,2970691
2016-06-15,137.74,138.17,137.0501,137.26,2369365
2016-06-16,137.21,138.89,136.38,138.66,3176122
2016-06-17,138.76,138.85,136.55,137.69,4430918
2016-06-20,139.22,139.84,138.14,138.52,3731651
2016-06-21,139.2,139.23,138.07,138.19,2021426
2016-06-22,138.45,139.54,137.63,137.9,2375253
2016-06-23,139.35,139.975,138.01,139.19,2646815
2016-06-24,135.66,138.62,135.15,137.29,4475066
2016-06-27,136.15,137.39,135.48,137.11,4026435
2016-06-28,138.21,139.09,137.65,138.71,4160163
2016-06-29,139.8,140.68,139.6,140.52,3704526
2016-06-30,140.68,141.31,140.24,141.2,4730819
2016-07-01,141.16,141.79,140.62,140.86,2882458
2016-07-05,140.15,141.91,140.03,141.56,3749293
2016-07-06,140.98,142.96,140.97,142.38,4083326
2016-07-07,142.37,142.66,139.95,140.8,3515540
2016-07-08,141.7,141.78,139.549,141.27,3605502
2016-07-11,141.27,141.6,140.01,140.32,4083998
2016-07-12,140.89,140.95,139.37,139.86,4310135
2016-07-13,140.96,141.59,139.92,141.48,3164735
2016-07-14,142.39,142.85,140.47,140.84,3000678
2016-07-15,141.65,142.78,141.06,141.33,3748675
2016-07-18,141.76,141.9,139.62,140.75,4166290
2016-07-19,140.75,142.63,139.32,142.59,5326204
2016-07-20,143.47,144.48,142.81,143.02,5489808
2016-07-21,142.71,143.73,142.13,142.87,3502312
2016-07-22,143.69,144.049,142.92,143.69,2697500
2016-07-25,143.55,143.89,141.41,141.73,2725566
2016-07-26,141.94,142.185,141.02,141.7,2668125
2016-07-27,141.17,142.34,139.91,141.68,2684093
2016-07-28,141.36,143.03,141.19,142.76,2517003
2016-07-29,141.85,143.895,141.6,143.2,3269716
2016-08-01,143.42,144.16,143.04,143.51,2494874
2016-08-02,143.81,143.97,142.34,143.17,2679144
2016-08-03,143.33,143.6199,142.4277,142.88,1963586
2016-08-04,143.1,143.476,142.26,142.71,1890880
2016-08-05,143.33,143.5399,142.4,142.99,2000143
2016-08-08,142.61,143.07,141.86,142.13,1846428
2016-08-09,142.55,143.13,141.68,141.82,2140652
2016-08-10,141.87,142.34,140.93,142.19,1866291
2016-08-11,142.24,143.059,141.44,142.63,1857522
2016-08-12,142.16,143.14,141.5,142.88,1787907
2016-08-15,142.96,143.11,141.49,141.62,2369632
2016-08-16,141.15,141.62,140.33,141.08,1688497
2016-08-17,141.29,141.91,140.66,141.71,1849066
2016-08-18,141.67,142.84,141.27,142.17,1572687
2016-08-19,141.65,142.25,141.22,142.04,1950174
2016-08-22,142.11,143.0,141.71,142.09,1588064
2016-08-23,142.73,142.87,141.75,142.01,2295478
2016-08-24,142.0,142.08,139.515,139.87,2529814
2016-08-25,139.75,139.75,137.03,137.3,3891031
2016-08-26,137.67,138.3,135.99,136.62,3082388
2016-08-29,137.2,138.04,136.48,137.27,2315890
2016-08-30,137.01,137.69,136.24,136.87,2026603
2016-08-31,136.55,136.82,135.55,136.05,2837267
2016-09-01,136.82,136.98,135.35,135.74,2765361
2016-09-02,136.5,136.78,135.76,136.61,2390462
2016-09-06,136.62,136.85,135.63,135.97,2242382
2016-09-07,135.0,135.96,134.2,134.99,2816745
2016-09-08,134.47,135.62,134.41,135.44,2826741
2016-09-09,134.71,135.15,133.62,133.62,3322258
2016-09-12,132.71,135.72,132.39,135.53,3457351
2016-09-13,134.24,135.15,133.37,133.95,3331542
2016-09-14,133.87,134.69,132.98,133.69,4592442
2016-09-15,133.03,136.09,132.88,135.61,3332592
2016-09-16,135.61,138.55,135.53,138.47,7421871
2016-09-19,138.68,139.39,137.52,137.68,3239511
2016-09-20,138.13,138.53,137.055,137.47,2425739
2016-09-21,138.2,139.96,137.99,139.91,3506621
2016-09-22,140.49,141.41,140.326,141.04,3018312
2016-09-23,141.02,141.78,140.36,140.51,2801957
2016-09-26,139.95,140.17,138.9,139.72,2636458
2016-09-27,139.99,140.84,138.69,140.79,3048640
2016-09-28,141.13,141.71,139.66,140.41,1990377
2016-09-29,140.18,140.28,137.84,138.32,2200954
2016-09-30,139.18,140.48,138.42,140.0,4164080
2016-10-03,139.35,139.72,138.025,138.49,2724399
2016-10-04,138.69,139.3599,137.16,138.16,2452575
2016-10-05,138.21,138.93,136.6,137.6,4625613
2016-10-06,137.31,137.49,135.66,136.47,4025313
2016-10-07,137.21,137.55,135.981,136.66,2568703
2016-10-10,136.97,138.35,136.97,138.08,2585956
2016-10-11,137.32,137.69,134.37,134.75,3353588
2016-10-12,134.98,135.72,133.64,135.1,4287909
2016-10-13,134.65,134.65,133.61,134.19,3425680
2016-10-14,134.78,135.51,133.89,133.92,3452918
2016-10-17,134.06,134.43,133.03,134.13,3602532
2016-10-18,139.2,143.95,137.87,143.39,10141914
2016-10-19,143.82,146.36,142.8201,144.37,5796032
2016-10-20,144.49,145.88,143.98,145.07,5203669
2016-10-21,144.26,145.44,143.76,145.37,3331766
2016-10-24,146.0,146.22,144.02,144.69,2930159
2016-10-25,144.88,145.38,143.6,143.78,3095384
2016-10-26,143.75,143.78,141.885,142.23,3267632
2016-10-27,142.72,143.25,141.58,141.94,3358006
2016-10-28,141.66,142.35,139.44,140.35,4033636
2016-10-31,140.8,141.54,139.97,141.33,3761070
2016-11-01,141.51,141.51,138.82,139.43,3391410
2016-11-02,139.02,141.23,138.93,138.98,3149707
2016-11-03,139.18,140.34,137.65,137.83,2989689
2016-11-04,138.45,138.89,137.69,137.71,3520746
2016-11-07,139.6,142.44,139.55,141.93,3896555
2016-11-08,141.35,143.61,141.0,142.9,4389253
2016-11-09,139.54,144.19,136.22,141.9,8042434
2016-11-10,142.34,146.57,142.0,146.13,6075842
2016-11-11,146.71,147.5,146.01,146.42,4475449
2016-11-14,147.32,152.92,147.04,152.28,5740425
2016-11-15,153.51,153.96,151.51,152.23,4910721
2016-11-16,151.99,153.0,151.23,151.5,3899008
2016-11-17,151.82,151.92,150.19,150.77,4683031
2016-11-18,151.05,151.66,149.4,149.45,5664818
2016-11-21,149.72,150.66,148.56,150.41,3867791
2016-11-22,151.08,152.93,150.56,152.26,4992120
2016-11-23,152.01,153.74,150.96,153.54,2838847
2016-11-25,153.93,154.5,152.61,152.81,1664542
2016-11-28,152.74,152.85,150.0,152.11,5029589
2016-11-29,156.94,158.1239,155.18,157.59,5827435
2016-11-30,157.47,159.76,157.07,158.32,7142369
2016-12-01,159.12,161.72,159.12,160.94,5250234
2016-12-02,161.0,162.52,160.56,160.73,3480032
2016-12-05,160.19,160.67,156.23,157.63,5854226
2016-12-06,158.17,158.23,156.26,157.32,3216730
2016-12-07,157.89,159.98,156.35,159.4,4552337
2016-12-08,159.41,160.24,158.0,159.32,3407518
2016-12-09,159.52,160.16,157.71,160.12,4007213
2016-12-12,158.83,159.66,157.75,159.49,3471430
2016-12-13,160.4,161.7099,160.065,160.54,3868877
2016-12-14,161.14,161.8,158.72,159.86,3885652
2016-12-15,159.87,161.29,159.43,160.62,4422949
2016-12-16,161.38,164.0,161.19,163.94,7605257
2016-12-19,163.09,163.94,161.22,161.54,4732617
2016-12-20,161.71,163.11,161.41,161.59,3131151
2016-12-21,161.42,162.29,159.62,161.33,2768116
2016-12-22,161.39,161.88,160.27,161.58,2741712
2016-12-23,161.56,163.04,160.5501,163.03,2044472
2016-12-27,163.26,163.96,162.45,162.64,1343985
2016-12-28,162.16,163.25,161.32,161.44,1669089
2016-12-29,161.92,162.36,160.39,161.04,2476270
2016-12-30,161.37,161.48,159.85,160.04,2855637
2017-01-03,161.13,162.27,159.15,161.45,3540336
2017-01-04,162.35,162.58,159.74,161.91,2695217
2017-01-05,161.75,162.63,161.51,162.18,2961074
2017-01-06,161.75,162.94,161.11,162.41,3081255
2017-01-09,162.0,162.43,160.78,161.95,3041537
2017-01-10,161.27,162.98,160.5,161.58,3500741
2017-01-11,161.3,162.94,160.6101,161.89,3330608
2017-01-12,161.69,162.94,160.89,162.36,2555893
2017-01-13,162.16,162.739,161.41,161.8,3183274
2017-01-17,162.61,162.97,157.51,160.66,5475764
2017-01-18,161.06,161.2,156.09,157.74,6591624
2017-01-19,157.74,160.55,157.24,158.7,4976871
2017-01-20,159.02,159.8,157.81,158.66,3579145
2017-01-23,158.62,159.52,156.56,159.07,4062638
2017-01-24,159.36,161.31,159.1,160.43,3514096
2017-01-25,160.82,161.98,160.35,161.24,3605753
2017-01-26,161.86,163.58,161.25,162.75,4202402
2017-01-27,163.5,163.8,162.62,162.99,3110360
2017-01-30,162.94,163.46,161.31,162.09,2784550
2017-01-31,161.62,162.19,160.01,162.1,3036991
2017-02-01,162.75,163.9,162.03,162.71,3718557
2017-02-02,162.52,163.25,160.26,160.76,4714006
2017-02-03,161.13,162.0,160.21,161.87,2762478
2017-02-06,161.51,162.53,160.22,160.51,3479420
2017-02-07,161.05,161.68,159.54,160.53,2942701
2017-02-08,160.0,160.63,159.41,160.31,2339728
2017-02-09,160.34,161.3,159.56,160.44,3056783
2017-02-10,160.12,161.59,160.1,160.75,1905884
2017-02-13,160.69,162.02,160.69,161.99,3275839
2017-02-14,161.45,163.5,161.25,163.13,2969704
2017-02-15,162.58,164.89,162.58,164.29,4537859
2017-02-16,164.78,164.97,162.33,163.65,3191646
2017-02-17,159.0,160.16,156.49,157.62,12033638
2017-02-21,157.62,160.815,157.52,160.57,5419013
2017-02-22,160.91,161.78,159.64,160.57,2725286
2017-02-23,161.33,162.6,160.6901,162.6,2460188
2017-02-24,162.67,163.09,161.74,163.06,2715668
2017-02-27,163.16,165.46,162.81,165.38,4071804
2017-02-28,165.47,166.76,164.9,165.38,4382055
2017-03-01,166.72,168.6,166.35,167.94,3514174
2017-03-02,168.32,168.43,166.96,167.31,1889796
2017-03-03,167.37,168.45,166.62,168.2,2254393
2017-03-06,167.43,169.35,167.13,168.7,2576499
2017-03-07,168.45,169.36,167.93,168.3,2702294
2017-03-08,167.61,168.46,166.8,167.91,2048154
2017-03-09,168.15,169.07,167.74,168.01,3631873
2017-03-10,168.42,170.0,168.06,169.98,3716639
2017-03-13,169.99,170.93,169.55,170.21,3130164
2017-03-14,169.66,170.18,168.5,169.06,2522844
2017-03-15,169.36,171.97,169.29,171.78,2807585
2017-03-16,172.07,172.14,170.22,171.3,3138566
2017-03-17,171.09,171.54,169.59,169.7,5622866
2017-03-20,169.93,170.24,167.92,168.0,3928639
2017-03-21,168.67,168.82,167.06,167.7,4953057
2017-03-22,168.13,168.38,165.63,167.03,2999769
2017-03-23,166.23,166.93,164.77,165.29,3947412
2017-03-24,166.2,167.4,164.35,165.0,5243877
2017-03-27,163.99,165.11,163.31,164.6,4383024
2017-03-28,164.58,166.07,163.84,165.35,7327109
2017-03-29,164.66,164.97,162.74,163.44,5900387
2017-03-30,163.65,165.93,163.46,164.99,2993828
2017-03-31,164.64,165.1,163.75,164.01,3496122
2017-04-03,164.62,166.14,164.25,165.59,3473710
2017-04-04,165.87,166.45,164.79,164.97,2885978
2017-04-05,165.76,167.26,165.22,165.37,3541623
2017-04-06,165.45,166.02,164.84,165.34,2923993
2017-04-07,164.96,166.5,164.62,166.02,2928086
2017-04-10,166.19,167.0,165.28,165.48,3234913
2017-04-11,164.89,165.84,164.6,165.83,3172925
2017-04-12,166.32,166.42,164.6,165.56,2978737
2017-04-13,164.95,165.65,164.67,164.96,1979846
2017-04-17,164.99,167.42,164.96,167.18,4396665
2017-04-18,170.06,170.23,167.7,168.59,5526173
2017-04-19,169.59,171.19,168.6901,169.25,4703352
2017-04-20,169.52,172.19,168.37,171.54,3652173
2017-04-21,172.13,172.62,170.47,171.16,2982272
2017-04-24,172.66,173.16,171.7,172.33,2830275
2017-04-25,173.5,174.74,173.19,174.04,3394671
2017-04-26,174.09,175.65,173.98,174.38,2817457
2017-04-27,174.07,176.07,174.0167,174.63,2438613
2017-04-28,174.61,175.0,173.91,174.88,2010757
2017-05-01,175.0,176.14,174.09,174.59,2709907
2017-05-02,174.91,175.3684,170.2735,174.14,4951025
2017-05-03,173.75,174.3,171.86,172.54,3622309
2017-05-04,173.05,174.21,172.38,174.02,2585102
2017-05-05,174.54,174.88,173.31,174.12,2188959
2017-05-08,173.93,174.56,173.5671,174.44,2506098
2017-05-09,174.1,174.77,172.73,173.24,1653715
2017-05-10,173.04,173.64,172.461,173.39,1568799
2017-05-11,172.76,173.856,171.67,173.32,1901252
2017-05-12,172.64,173.39,171.52,171.81,2335410
2017-05-15,171.79,172.0,170.23,171.53,2831366
2017-05-16,170.67,171.0,167.25,168.12,4343720
2017-05-17,166.96,170.39,166.65,168.86,4442292
2017-05-18,168.25,173.98,167.87,171.45,3908022
2017-05-19,172.3,172.95,170.25,172.59,3877349
2017-05-22,172.73,174.9,172.6,174.7,3480347
2017-05-23,174.44,175.52,173.71,175.22,2471685
2017-05-24,175.45,176.1,174.52,175.59,1653699
2017-05-25,176.32,178.73,175.9396,178.05,3212199
2017-05-26,177.68,178.89,177.0,177.5,1583631
2017-05-30,177.54,178.08,176.24,176.59,2285677
2017-05-31,176.89,176.9,174.92,175.18,3320408
2017-06-01,175.78,179.58,175.19,179.58,2890588
2017-06-02,179.92,179.92,178.34,179.39,2610140
2017-06-05,179.53,180.3207,179.16,179.37,2640609
2017-06-06,179.19,181.06,178.48,180.82,3443854
2017-06-07,182.0,183.47,179.65,183.21,3783753
2017-06-08,183.34,183.76,180.98,181.69,3079934
2017-06-09,181.84,182.4,180.8595,181.46,2392652
2017-06-12,181.01,181.82,176.42,179.25,3705616
2017-06-13,179.21,181.39,179.145,181.05,2458473
2017-06-14,180.94,182.84,180.94,182.36,2039889
2017-06-15,181.75,183.5,180.09,180.38,3078699
2017-06-16,180.83,182.46,180.38,181.63,4473267
2017-06-19,182.3,183.02,180.76,183.02,3887064
2017-06-20,182.75,183.42,182.2151,183.27,2742596
2017-06-21,183.49,185.11,182.71,184.92,2866278
2017-06-22,184.9,188.66,184.78,186.5,3841326
2017-06-23,186.27,186.27,184.1353,185.25,3438489
2017-06-26,185.13,185.89,183.39,185.12,2327524
2017-06-27,185.72,186.8,184.22,184.6,2682752
2017-06-28,185.68,186.31,185.0901,185.7,2451211
2017-06-29,185.82,186.09,184.33,185.27,2193573
2017-06-30,185.15,186.19,184.93,185.42,2391965
2017-07-03,186.29,187.53,185.74,186.65,2087013
2017-07-05,186.14,188.36,185.72,188.25,2587433
2017-07-06,188.12,188.185,186.15,186.94,1844743
2017-07-07,187.35,188.43,187.01,187.96,2252496
2017-07-10,187.33,188.0,186.15,186.95,2611955
2017-07-11,187.0,187.66,185.09,185.95,2664472
2017-07-12,186.79,187.3,186.41,186.69,3342837
2017-07-13,187.0,187.28,185.32,185.48,2379349
2017-07-14,185.81,187.13,184.77,186.9,2716727
2017-07-17,187.07,187.245,185.76,186.35,2444621
2017-07-18,186.95,187.2,183.86,186.85,4235849
2017-07-19,187.51,189.41,187.51,189.19,3401646
2017-07-20,189.41,191.92,188.92,191.5,3099616
2017-07-21,191.38,193.0,190.6001,191.78,4911549
2017-07-24,191.79,192.17,190.64,190.89,2356497
2017-07-25,192.13,192.48,190.3,190.4,1960052
2017-07-26,190.02,191.53,189.38,190.75,2683468
2017-07-27,190.24,190.49,188.46,188.93,2631353
2017-07-28,189.11,191.244,187.6,191.15,1925049
2017-07-31,191.59,192.61,191.14,191.81,3776476
2017-08-01,193.4,193.4,191.6201,192.23,3336771
2017-08-02,192.14,193.45,192.14,193.0,2464350
2017-08-03,193.26,194.96,193.01,194.77,2886100
2017-08-04,194.95,196.04,194.6,194.88,2892259
2017-08-07,194.81,195.41,193.9,194.78,2074754
2017-08-08,194.68,194.99,194.08,194.9,1741007
2017-08-09,194.9,195.36,194.165,194.83,2125851
2017-08-10,194.26,194.3876,192.4,192.57,2698646
2017-08-11,193.91,194.54,192.66,193.02,2210720
2017-08-14,194.6,194.75,192.9,193.71,2322000
2017-08-15,194.47,195.01,193.81,194.5,1595189
2017-08-16,194.81,195.27,192.83,193.77,1881640
2017-08-17,193.75,194.24,192.66,192.7,2440930
2017-08-18,192.84,193.2,190.63,190.82,2858501
2017-08-21,190.88,192.31,190.88,192.03,1930478
2017-08-22,192.15,194.96,191.56,194.79,2021865
2017-08-23,194.5,194.59,193.72,194.24,1547001
2017-08-24,194.55,195.07,194.21,194.75,1923668
2017-08-25,195.33,195.54,194.14,194.36,1374959
2017-08-28,194.59,195.81,194.36,195.09,2009912
2017-08-29,194.83,197.04,194.33,196.73,2072225
2017-08-30,196.38,196.88,195.2,195.88,1506690
2017-08-31,196.93,199.49,196.39,198.9,2990177
2017-09-01,199.79,199.99,198.36,199.75,2242195
2017-09-05,199.2,200.44,198.71,199.31,2701585
2017-09-06,199.54,199.99,197.63,198.38,3040218
2017-09-07,197.77,199.48,197.07,198.17,2684599
2017-09-08,198.43,198.86,197.0,197.75,2205962
2017-09-11,199.25,200.42,198.78,199.58,3307919
2017-09-12,199.44,199.47,196.91,197.47,2554695
2017-09-13,197.8,200.76,197.78,198.33,2394409
2017-09-14,197.95,198.38,197.09,197.73,2378644
2017-09-15,198.52,199.71,197.2,198.18,4198691
2017-09-18,198.17,198.82,197.51,198.19,1915478
2017-09-19,198.44,198.6,192.39,194.65,3818982
2017-09-20,195.02,195.84,194.06,195.75,2788463
2017-09-21,195.63,196.13,194.9,195.21,1894964
2017-09-22,195.11,195.87,188.25,193.03,5660220
2017-09-25,193.27,196.31,190.92,191.75,3105892
2017-09-26,192.31,194.36,192.04,192.7,2775350
2017-09-27,193.2,195.615,191.74,194.49,3267239
2017-09-28,194.25,196.545,193.51,196.1,2088374
2017-09-29,195.82,196.09,194.48,195.85,2646297
2017-10-02,196.59,197.91,196.33,197.44,2893553
2017-10-03,197.5,199.4425,197.26,198.63,2533804
2017-10-04,199.03,200.73,198.43,200.48,2286385
2017-10-05,199.93,199.93,196.56,197.9,4068977
2017-10-06,197.9,199.99,197.51,198.06,3361896
2017-10-09,198.01,198.32,195.78,196.3,3365386
2017-10-10,196.26,196.43,193.67,194.68,2499815
2017-10-11,194.63,196.07,193.59,195.26,2935589
2017-10-12,195.01,195.36,192.73,192.92,2954744
2017-10-13,189.59,192.71,186.0,192.52,5435003
2017-10-16,192.48,193.32,191.36,193.2,2927432
2017-10-17,196.8,206.62,196.37,203.89,8949715
2017-10-18,203.8,207.8,203.68,205.23,4796337
2017-10-19,205.47,205.745,202.7,203.25,3471790
2017-10-20,204.26,208.21,203.69,207.49,5138814
2017-10-23,207.58,208.45,205.8,207.01,2261386
2017-10-24,206.38,208.23,205.88,208.15,3459875
2017-10-25,208.32,209.14,207.071,207.53,2199301
2017-10-26,207.92,211.7,207.58,209.15,4345993
2017-10-27,209.15,212.77,208.545,212.6,4385348
2017-10-30,212.21,212.77,209.38,209.39,2477364
2017-10-31,209.39,210.52,207.8,210.22,3749641
2017-11-01,211.62,212.63,208.92,209.53,1902858
2017-11-02,210.11,211.485,209.01,211.1,2825932
2017-11-03,210.72,213.83,210.1,212.87,2197061
2017-11-06,211.91,213.93,211.8,212.12,2293688
2017-11-07,212.74,213.54,210.89,212.7,1845805
2017-11-08,212.08,212.925,210.7,210.77,2261829
2017-11-09,210.59,211.76,209.13,211.56,1839188
2017-11-10,211.46,211.81,210.2,211.07,1384718
2017-11-13,210.31,213.535,209.94,212.66,2662195
2017-11-14,212.21,212.7,210.92,211.71,1993916
2017-11-15,210.88,211.98,209.62,209.86,1816332
2017-11-16,210.38,212.01,209.9,211.13,1919644
2017-11-17,210.46,211.455,209.15,209.9,1887529
2017-11-20,210.0,210.68,209.58,210.25,2040368
2017-11-21,211.13,212.85,210.75,212.6,2327411
2017-11-22,212.26,212.805,210.76,211.22,2257897
2017-11-24,212.0,212.93,211.0,212.51,743961
2017-11-27,212.25,214.25,211.81,212.4,2856277
2017-11-28,213.88,216.31,212.51,216.14,2905679
2017-11-29,217.7,224.27,217.36,222.88,4247248
2017-11-30,223.83,228.75,222.29,228.17,6846394
2017-12-01,228.89,229.22,221.081,226.78,3326098
2017-12-04,229.26,231.77,221.4,221.42,5591486
2017-12-05,221.0,223.7199,219.16,220.09,3246315
2017-12-06,221.02,221.96,219.03,219.94,2397451
2017-12-07,220.59,220.61,218.19,220.15,2661839
2017-12-08,220.55,224.33,220.22,223.91,2233273
2017-12-11,224.16,224.82,222.04,222.77,1599464
2017-12-12,222.31,223.42,221.26,222.49,2294112
2017-12-13,221.74,224.95,221.23,224.35,3059427
2017-12-14,225.5,226.97,221.01,221.25,2811707
2017-12-15,222.96,223.75,220.63,221.82,6293391
2017-12-18,223.645,224.81,222.19,222.67,3194085
2017-12-19,222.76,223.79,220.85,222.04,2340219
2017-12-20,222.745,224.89,221.73,222.38,2633241
2017-12-21,222.9,223.94,221.37,221.69,2955289
2017-12-22,221.01,222.35,218.45,220.0,1959734
2017-12-26,219.09,220.42,219.09,219.6,1482438
2017-12-27,219.98,221.44,219.25,220.42,1861932
2017-12-28,221.46,222.79,220.15,222.77,1452571
2017-12-29,223.95,223.95,220.46,220.46,2350169
2018-01-02,221.02,222.45,220.0,221.16,3484974
2018-01-03,221.62,223.81,220.52,223.48,2417588
2018-01-04,224.34,226.1,224.17,224.45,2749067
2018-01-05,225.19,229.05,224.72,228.73,2432773
2018-01-08,228.13,228.71,224.61,224.76,2850845
2018-01-09,224.76,226.63,223.3,225.88,2672161
2018-01-10,224.83,225.01,223.03,224.2,2311609
2018-01-11,224.18,225.92,223.7,225.39,2543589
2018-01-12,227.45,229.9,226.52,228.64,3943796
2018-01-16,233.37,235.0,231.25,232.9,6852619
2018-01-17,234.67,238.96,233.85,238.43,5124815
2018-01-18,239.26,243.9,238.5501,243.16,6234153
2018-01-19,244.18,244.35,241.07,243.35,4293632
2018-01-22,243.59,243.795,241.36,243.56,4012161
2018-01-23,242.99,246.98,242.41,245.21,3300020
2018-01-24,246.01,247.3137,243.71,244.85,2733255
2018-01-25,244.75,246.19,243.9,245.18,2420503
2018-01-26,245.0,248.735,244.46,248.47,2615342
2018-01-29,249.28,250.79,247.4,247.41,2564688
2018-01-30,232.88,242.74,232.1,236.65,11565538
2018-01-31,242.84,247.0,235.76,236.78,5187404
2018-02-01,235.26,237.82,233.83,235.22,4268312
2018-02-02,233.0,236.3,231.19,231.88,3959904
2018-02-05,230.79,233.11,208.48,220.02,6289977
2018-02-06,212.2,226.509,210.21,225.18,7064825
2018-02-07,222.33,229.29,221.51,225.82,5589154
